YouTube Playlist Export,,,,,,,,,,
Published Date,Video URL,Channel,Title,Description,,,,,,
9/25/2022 4:04:18 AM,https://www.youtube.com/watch?v=-tKVN2mAKRI,daoko_jp,DAOKO × 米津玄師『打上花火』MUSIC VIDEO,"DAOKO × 米津玄師『打上花火』MUSIC VIDEO ────── ?NEW Single：Daoko 「燐光」＞https://daoko.jp/news/2936/ ?NEXT Daoko LIVE ＞https://daoko.jp/live/ ────── DAOKO × 米津玄師『打上花火』配信中！ ▽iTunes https://itunes.apple.com/jp/album/id1263790414?l=ja&ls=1&app=itunes DAOKO × 米津玄師『打上花火』???????MUSIC VIDEO 映?『打?上?花火、下??見??？???見??？』主題歌 　 DAOKO 3rd????「打上花火」 2017年8月16日（水）?? 初回限定盤?CD+DVD?TFCC-89631　?1,620（??） 　????描?下??????? 　DAOKO 2016 ”青色主義” TOUR at 赤?BLITZ 2016.09.22 ???映像?? 通常盤?CD?TFCC-89632　?1,296（??） ＜??曲＞ 映?『打?上?花火、下??見??？???見??？』主題歌 01. 打上花火／DAOKO × 米津玄師 　作詞?作曲：米津玄師 　Produced by 米津玄師 映?『打?上?花火、下??見??？???見??？』?入歌 02. Forever Friends／DAOKO 　作詞?作曲：REMEDIOS　 ※通常盤?????　『神???????VIRGIN SOUL』????????? 3. Cinderella step／DAOKO 　作詞?作曲　DAOKO　編曲　江島?一（???????） ＜映?『打?上?花火、下??見??？???見??？』情報＞ ??出演：????　菅田?暉 　　　宮野真守 ／ ?沼?太郎　豊永利行　?裕貴 　　　三木?一郎　花澤香菜　櫻井孝宏　根谷美智子　飛田展男　宮本充　立木文? ／ 松??子 原作： 岩井俊二 　?本 ：大根仁 ?監督 ：新房昭之　 企????????：川村元?　 監督：武?宣之 　??????????：渡?明夫　音?：神前?　 ???????制作： ???? ?2017「打?上?花火、下??見??？???見??？」製作委員? 公開日：2017年８月１８日（金） 公式ＨＰ：http://uchiagehanabi.jp/ ? Daoko（???）?????? Daoko（???）1997 年???、東京都出?。 15 ??時?????動??投稿???曲?注?????、2015 年『DAOKO』?????????。 ??後??津?師??「打上花?」、岡村靖幸??「???????LOVE」??、??派????????共作?????、????活動????。 ???執筆、??個展?開催、女優業??多?????????表現???、??外?注??集????。 2019 年?個?事務所“????”?設??、2020年??4th ????『anima』??表。 2023年6月?２部作連??公開予定?劇場版「美少女?士???????Cosmos」?主題歌???。書?下???曲「月?花」?5月26日(金)?先行配信決定！ 現在?自主????“????”??活動中! ?Official HP　https://daoko.jp ?Official Blog　https://daoko.life ?Official Twitter DAOKO ( https://twitter.com/Daok0 ) DAOKO staff ( https://twitter.com/DAOKO_staff ) ?Official Instagram　https://www.instagram.com/daoko_official/ ?Official Fun Club”????” 　https://hidamari.daoko.jp/",,,,,,
9/25/2022 4:04:49 AM,https://www.youtube.com/watch?v=ZGM90Bo3zH0,Weird_Wired,Steins;Gate Opening Theme - Hacking to the Gate (Full Version),Steins;Gate's opening theme Vocal performance : Kanako It?,,,,,,
9/25/2022 4:05:04 AM,https://www.youtube.com/watch?v=GHalblJtLDA,八木海莉 ch.,八木海莉 『Ripe Aster』,八木海莉「Ripe Aster」(???「魔法科高校?劣等生　追憶編」主題歌)OUT NOW! CD?購入、DL/ST????→https://kmu.lnk.to/RipeAster -CREDIT- Director / Raita Kuramoto Cinematographer / Yoshiaki Yamamoto 1st Camera Assistant / Takahiro Nagumo 2nd Camera Assistant / Kota Watanuki Lighting Engineer / Naoyuki Katagi Chief Light Assistant / Makoto Takahashi Light Assistant / Chizuru Koga Production Designer / Kohei Anai Designer Assistant / Shiho Kato Stylist / Toshio Kuba Hair & Make Up / Kanako Fukushima Editor / Nozomi Kuramochi Colorist / Haruhiko Takayama Assistant Director / Yuta Rikiyama Production Manager / Atsushi Hiraki Production Assistant / Yuna Mogami Producer / Keita Watanabe Art Director / Gaku Ito Creative Producer / Takuma Moriya 「Ripe Aster」 作詞：八木海莉 作曲：八木海莉??????? 編曲：eba 冷??夏? ????? ???知??? 時?疑?? 緩?距離? 躊躇????? 映??????????? ????? ???? 此??居? 信???? 例?間違???何度?手?伸??? ??事 花開? 熟??頃 心触?? 愛?暮?? 言葉?濁? 夏?煙? 拍???入? 曖昧??係　??張?? 育????　傍????? 確??合??? 病??事???????? 崩???失????此???? 見????? 絡?息捉????二度?離???? 探?物 正?合? 熟??頃 心触?? 愛???? 言葉?濁? 枯???????抱??? 崩???失????此???? 信???? 例?間違???何度?手?伸???　　 ??事 花開? 熟??頃 心触?? 愛???? 言葉??? --------------------------- Follow 八木海莉 OFFICIAL WEBSITE：https://yagikairi.com/ Instagram：https://www.instagram.com/reu__loon/ Twitter：https://twitter.com/kairiyagi_ STAFF Twitter：https://twitter.com/yagikairi_staff ---------------------------,,,,,,
9/25/2022 4:05:17 AM,https://www.youtube.com/watch?v=jiQQsIySD9c,八木海莉 ch.,八木海莉 『?茶??飲??』,八木海莉 1st EP「水??謳?」OUT NOW! ??????????????????→https://kmu.lnk.to/Mizukewoutau　 CD?購入????→https://kmu.lnk.to/VeqaaP5h 「?茶??飲??」Music Video -CREDIT- Director：Tai Nakazawa Camera：Ryosuke Komatsu Light：Makito Kaji Styling：Toshio Kuba Hair & Makeup：Kanako Fukushima Unit still photographer：Daikichi Kawazumi Production Manager：Yuko Miya Producer：Yusuke Kobayashi Production：CROMANYON 「?茶??飲??」 作詞：八木海莉 作曲：八木海莉 編曲：皆川溺 知??加速??矛盾? 助走???草臥??? ???体????茶?憎? ? 頭中熱??繰?返?芸???? ?話?????? ? 食??嫌??????? 嫌?????多??? ??????????　居心地???? 濡??????雨??? 懲??御託?並??? 無????湯????????? ? ?話?????? 口?多???????? 鮮明?????厄介?　??厄介? ????差?出? ?茶??飲?? ? 厄介?　??厄介?　??厄介? 厄介?　??厄介?　??厄介? --------------------------- Follow 八木海莉 OFFICIAL WEBSITE：https://yagikairi.com/ Instagram：https://www.instagram.com/reu__loon/ Twitter：https://twitter.com/kairiyagi_ ---------------------------,,,,,,
9/25/2022 4:05:27 AM,https://www.youtube.com/watch?v=5kz1c1bvKMQ,BUTA野郎,【神曲】and I'm home（歌詞付?） ????A????中?曲,,,,,,,
9/25/2022 4:05:37 AM,https://www.youtube.com/watch?v=LgtvsFVU1fI,Kitri Official,Kitri -???-「??????」“Hikare inochi” Music Video [official] with subtitles (字幕),"【Listen&DL】 https://lnk.to/kitri_hikareinochi TV??? 『古見??? 、???症??。』 ????????? Ending theme song of the TV anime ""Komi Can't Communicate"" Cast： Himena Tsukimiya @haaaaan/ Minori Arai Hikaru Abiko Tsubaki Otoha Suzuka Nakafuji Nanami Fukazawa Shoki Saito Rui Shiobara Yuto Kaneko Kyoya Sakai Yusaku Matsuda Filmed by Director：Kan Yamamoto @ilmmer Director of Photography： Yoshiaki Kin Production Manager：Yuko Miya、Akihiko Kumagai Producer： Yusuke Kobayashi Production： CROMANYON ?????? - Hikare inochi - Lyric & Music : Mona,Hina? Arrangement : Shohei Amimori, Kitri ? Vocal, Piano : Mona Chorus, Piano : Hina Keyboards, Synthesizers & Programming?: Shohei Amimori Guitars : Shuta Nishida E.Bass. : Masato Suzuki Drums : Fumihiro Ibuki ? 【Kitri】Kitri is a sister duo who sing, write songs and play the piano by four-hand, consisting of Mona (Elder sister : vocal & lower part of pianoand Hina (Younger sister : vocal, higher part of piano, guitar & percussion) Both took classical piano lessons in their childhood and then Mona majored in Piano and Composition and Hina majored Arts at universities.Started activities in 2015 as unit. Ohashi Trio who was visiting Kyoto city for his concert had a chance to listen to their indie album and praised them Participated in the theme song vocals and humming in the music for the movie ""P and JK"" by Ohashi Trio.　In 2017 the past sound source was re-recorded with Ohashi Trio as Producer, and the pilot work ""Opus 0"" was released for digital distribution only. January 2019 Kitri made their major debut with the first EP ""Primo"" from Nippon Columbia. The EP lead song ""Rashin Dori"" was picked up as Power Plays in radio stations nationwide. They became hot topic in social media with key words ""addictive"", "" unexpected"", etc They conducted the 1st solo concert tour, Kitrrti no Ongakukai #1 and the second EP ""Secondo"" was released in July. From October, the second solo concert tour was held at 7 venues nationwide under the title of ""Kitri no Ongakukai # 2"". December 2019 Yui Sakuma's first starring movie ""I Was a Secret Bitch"" was premiered nationwide and Kitri performed the theme song"" for the movie, ""Sayonara Namidame "" The track was digitally releasd in the same month ""After the rain"" was selected for NHK ""Minna no Uta"" in December 2019 - January 2020 and premiered on TV with illustration animation of Makiko Tanaka, who is based in France and works for various international projects. The track was releasedin the same month In January 2020, the first full album ""Kitrist"" was released on CD / Vinyl. The tour ""Kitri no Ongakukai # 3 Kotori to Wool"" will resume in January 2021 at limited venues only. Kitri Official Site https://www.kitriofficial.com/ Kitri Columbia Site https://columbia.jp/kitri/ Kitri Twitter (@__kitri) https://twitter.com/__kitri Kitri Instagram (@__kitri) https://www.instagram.com/__kitri Kitri Staff Twitter (＠StaffKitri) https://twitter.com/StaffKitri Kitri Staff Instagram (＠kitri_staff) https://www.instagram.com/kitri_staff/ Kitri Official Site https://www.kitriofficial.com/ Kitri Label Site https://columbia.jp/kitri/ #Kitri #古見?? #komisan #古見??????症??。#Hikareinochi",,,,,,
9/25/2022 4:05:59 AM,https://www.youtube.com/watch?v=Opp9nqiN5m0,THE FIRST TAKE,Aimer - ????? / THE FIRST TAKE,"「THE FIRST TAKE」?、一?撮??????????鮮明?切?取?YouTube?????。 ONE TAKE ONLY, ONE LIFE ONLY. 一?撮??、音??向?合?。 第187回?話題作??表???Aimer?登場。 ?????????火?付??一途?想??描???????「?????」? ??????????????????、一?撮???????????。 STREAMING & DOWNLOAD：https://lnk.to/dZuvszTs Piano：蔦谷好位置 Guitar：三井律郎 ■Podcast公開中 Aimer / THE FIRST TAKE MUSIC (Podcast) https://youtu.be/BdOzTknpvRw ■Aimer　SNS Official Site：https://www.aimer-web.jp/ Twitter：https://twitter.com/Aimer_and_staff Official YouTube Channel：https://www.youtube.com/user/aimerSMEJ ■「THE FIRST TAKE」SNS Official site：https://www.thefirsttake.jp/ Instagram：https://www.instagram.com/the_firsttake/ Twitter：https://twitter.com/The_FirstTake Tiktok：https://www.tiktok.com/@the_first_take THE FIRST TIMES : https://www.thefirsttimes.jp/ ＿ 白??????置???一本????。 ??????????一?。 一?撮??????????????。 ??以外?、何??????。 一度???????、何???????????。 一?撮??、音??向?合?。 THE FIRST TAKE A microphone and a white studio. And 1 rule. You’ve got 1 TAKE. Perform anything you like. Show us everything you’ve got for that 1 moment. ONE TAKE ONLY, ONE LIFE ONLY. THE FIRST TAKE Episode 187 welcomes Aimer, the singer who has been loved by fans around the world since debut and continues to come out with new tunes lately. 1 TAKE performance of ‘Kataomoi,’ her streaming hit that sings out one’s devoted love. Enjoy Aimer’s soothing singing of the love song in special arrangements of piano and guitar only for THE FIRST TAKE. CREDITS ? Director / Creative Director: Keisuke Shimizu Art Director: Kana Takarada Director of Photography: Kazuki Nagayama Lighting Director: Kazuhide Toya Copywriter: Hiroshi Yamazaki Producer: Kentaro Kinoshita #THEFIRSTTAKE #Aimer #?????",,,,,,
9/25/2022 4:06:06 AM,https://www.youtube.com/watch?v=0YF8vecQWYs,美波,美波「???????」MV,美波「???????」（TV???「????????彼女」?????????） Minami-「Kawaki wo Ameku」（TV anime「Domestic na Kanojo」Opening song） 作詞?作曲　美波 music and words by Minami vocal by Minami Animation：UrataAsao Movie：tissue Gt. Otsuka Takumi Ba. Nanbu Kazuma Dr. Takashimizu Kandai Pf. Iga Takuro Str. Muroya Strings Streaming platforms→https://www.373official.com/pages/5010500/page_202106092252 Overseas sales→https://www.cdjapan.co.jp/person/700823407,,,,,,
9/25/2022 4:06:14 AM,https://www.youtube.com/watch?v=tLQLa6lM3Us,Aimer Official YouTube Channel,Aimer「?響散歌」MUSIC VIDEO（??????「鬼滅?刃」遊郭編?????????）,"??????「鬼滅?刃」遊郭編OP???&ED???Aimer 『?響散歌/朝???』now on sale!?https://aimer.lnk.to/zankyosanka Aimer 20th single 『?響散歌/朝???』 ??日：2022年1月12日（水） 「?響散歌」…??????「鬼滅?刃」遊郭編????????? 「朝???」…??????「鬼滅?刃」遊郭編????????? 初回生?限定盤（CD+DVD） 1,760?（??）/ VVCL-1953-1954 ※CD+DVD（「?響散歌」「朝???」MUSIC VIDEO??） 通常盤（CD） 1,320?（??）/ VVCL-1955 期間生?限定盤（CD+DVD） 1,760?（??）/ VVCL-1956-1957 ※??????「鬼滅?刃」遊郭編描????????? ※??????「鬼滅?刃」遊郭編描????????使用?????? ※??????「鬼滅?刃」遊郭編???????OP/ED映像?? #Aimer #鬼滅?刃　＃遊郭編 「?響散歌」MUSIC VIDEO Director：YASUHIRO ARAFUNE (EPOCH) Producer：NAOKI AKIYAMA (19-juke-) Cast：Mayuki http://www.aimer-web.jp/",,,,,,
9/25/2022 4:06:29 AM,https://www.youtube.com/watch?v=M6gcoDN9jBc,King Gnu official YouTube channel,King Gnu - 逆夢,"「逆夢」????????/?????????? https://VA.lnk.to/h0ng4F 逆夢 作詞/作曲：常田大希 編曲：King Gnu ????望??? ??胸?射通?? ???無?僕???? 何者??成???? ???? ??溢???? 夜?埋???? 輝?夢?成? 白?息????? 冬?寒??溶??消?? ??日?重??手?手? 余熱??????????? 春?????? ???前??? 迎????? ??思??????頃 瞼閉??? 夢?????? 正夢??信?????頃 ????望??? 何?迄?飛???? 意?地?無?僕???? 生??意味?見????? 愛?憎? ????合??? 一生涯醒???程? 荒??夢?成? 凍??夜空? 二人???出?? ????????? ???掛???? ????????? ???前???????? ??思??????頃 失?????? 記憶?雨?古傷?? 沁?渡????　 ????望??? ??胸?射通?? ???無?僕???? 何者??成???? ???? ??溢???? 夜?埋???? 輝?夢?成? 記憶?海???? 愛?欠片?拾?? ????中???? 眩??世界???? ??愛?例??????? ?????????? ??身体蝕?????? 心??底?? ????溢?出?? 求?合??重??合? ??先?僕?夢?成? ????望??? ??胸?射通?? ???無?僕???? 何者??成???? ???? ??溢???? 夜?埋???? 輝?夢?成? 正夢??、逆夢????? NEW SINGLE 「一途／逆夢」　NOW ON SALE ◎Blu-ray Disc付 初回生?限定盤　4,950?（??）BVCL 1194 / 1195 ◎期間生?限定盤　1,980?（??）BVCL 1197 ◎通常盤　1,100?（??）BVCL 1196 【CD??曲】 01. 一途 ※『劇場版 ?術?? 0』主題歌 02. 逆夢　※『劇場版 ?術?? 0』????????? 【初回生?限定盤 Bonus Blu-ray Disc】 King Gnu Live Tour 2020 AW “CEREMONY” November 25th, 2020 at NIPPON BUDOKAN CD???????購入???? https://va.lnk.to/gaEuD5 #KingGnu #?術?? #Jujutsukaisen",,,,,,
9/25/2022 4:06:37 AM,https://www.youtube.com/watch?v=CLdeykXCZX4,Eve,?????? - Eve MV,"Eve - ""Last Dance"" Music Video NEW ? TV??? ?術??0P 『??奇譚』???????／?????? LINK：https://tf.lnk.to/kaikaikitan ? Eve New Album 「???」 2019.02.06 IN STORES web：http://eveofficial-otogi.com/ ?iTunes https://itunes.apple.com/jp/album/1449549681?l=ja&ls=1&app=itunes ?Apple Music https://itunes.apple.com/jp/artist/1080967231 ?Spotify https://open.spotify.com/artist/58oPVy7oihAEXE0Ott6JOf ? CD -??????? -????????? -??????? -?????? 他、含?全11曲?? ? DVD(初回限定盤) - Animation -??????? -????????? -??????? -?????? ～otogi tour 2019～ 3月25日（月）???Hatch (OSAKA) 3月28日（木）DIAMOND HALL (NAGOYA) 4月29日（月?祝）Zepp DiverCity (TOKYO) ※""???"" 先行申????????封入(初回限定版?通常版) Eve HP：http://eveofficial.com/ twitter：https://twitter.com/oO0Eve0Oo youtube channel：https://goo.gl/jiNQkz mail：oo0eve0oo@yahoo.co.jp Music / Vocal：Eve Arrange：Numa Animation：Mah Assist：Waboku, Eve, Satomi Tena 歌詞 ?????? ???蔓延?摩天? 君?確??芽?摘???? ??????全?奪?攫??? 僕???曲??? ???違?　嫌?????? 滑稽???嗤???? 上品?言葉 ?????待??焦??足??? ??? 知??絞??　??? 欲???? ???????? ????言?? 消耗品? ???私?　??考???? ?????　????? 踊?????????? 辛??纏?? 少年少女 憂??晴??? ?????患者 誰?何者?????? 真意?知??最期?????? 舌?乾???話??? ?勢?張??　自分?失?? ?言?吐?? 幻???? 馬鹿????　宙?舞?? ????? ????????? 純??透明?少年?? 感情?魔?差???????? 思?出??思?出??考??? 辿?????????? ????言?? 本??意? 世界?片隅?考???? 冷????　???? 溶???????????? 孤??知??才能人? 明日?選?? ??????患者 ????僕?????? 指?咥?? 泣???無???? ????? 最終列車?待?? ??????????? ???居????????? 今全??飲????????? 遠?????? ???幸?????? 痛?? 痛?? 全部知????? ????言?? 消耗品? ???私?　??考???? ?????　????? 踊?????????? 辛??纏?? 少年少女 憂??晴??? ?????患者 誰?何者?????? 真意?知??最期?????? 舌?乾???話??? ???僕?逸話???? 今不確??笑??浮???? 誰?知?????物語?今 君?話???",,,,,,
9/25/2022 4:06:47 AM,https://www.youtube.com/watch?v=WPl10ZrhCtk,?????,????? / ?魔?子 (????????Ver.) | Ai Higuchi “Akuma no Ko” Anime Special Ver.,"????? @AiHiguchiOfficial / ?魔?子 (????????Ver.)公開！ Ai Higuchi “Akuma no Ko” Anime Special Ver. Director 　Motohiro Ishii (Ray) Producer Masako Yoshikawa (Ray) ????? / ?魔?子【Official Video】｜Ai Higuchi""Akuma no Ko”Attack on Titan The Final Season Part 2 ED theme https://youtu.be/N4F3bjlL_H4 ????? / ?魔?子【Official Live Video】｜Ai Higuchi""Akuma no Ko” (Live at EX THEATER ROPPONGI,2022.3.11) https://youtu.be/eLBhEn8PwA8 ????? - ?魔?子 / THE FIRST TAKE https://youtu.be/bOLYBRRpRsU ??Ending Theme ?????「?魔?子」 ／Ai Higuchi ‘Akuma no Ko’ (TV???「進??巨人」The Final Season Part 2 ?????????) 歌?作詞?作曲：?????／ Vo. & Words & Music：Ai Higuchi 編曲：兼松 ?／Arrange：Shu Kanematsu ??DL & Streaming https://lnk.to/akumanoko ??DL only (include TV size Ver. & Instrumental) 2022年1月24日(月)配信 DL?用配信???? 「?魔?子」 1.?魔?子 2.?????大地 3.?魔?子 TV size Ver. 4.?魔?子(Instrumental) 5.?魔?子 TV size Ver.(Instrumental) https://lnk.to/akumanoko_DL ??New Album 2022.3.2 out 3月2日(水)???? ????? ???????「最?最愛」 LISTEN/DL https://lnk.to/saiakusaiai CD https://lnk.to/higuchiai_CD 【初回生?限定】描?下?????????仕?(作?：MAPPA) & LIVE DVD付 ??????????????????? ?????「?魔?子」歌詞 ???? 正義?証明 貫?? 英雄?近??? ??目?閉?? 触????? 同?形 同?体???魔 僕???? ???????? ???壁????????? 生??????? 運命嘆?? 僕????? 自由????? 鳥???? 羽???? ??????行???? ??場所? ???? ???????行??? ????生????嫌? 世界??酷? ????君?愛?? ????牲???? ????君?守?? 間違?????? 疑?????? 正???? 自分??? 強?信????? ??雨? 降?散?情景 ????中 映??見???? ????? 愚??凶暴 ?係?? 知?????話 ??????? ???憎?? ???持? ??????理由 ?明??? ???????? 僕????? 矛盾?????? ??言葉? ????? 本??意味?伝???? 信???? ??目?開?? 触??世界?? ????生????嫌? 世界??酷? ????君?愛?? ????牲???? ????君?守?? 選??人?影 捨?????屍 ?????? 自分?中 育????魔?子 正義?裏 ?牲?中 心???魔?子 ??????????????????? Ai Higuchi ‘Akuma no Ko’ lyrics An iron bullet is proof of justice. Whenever I shot I became closer to the hero. If you close your eyes and touch it, The evil who has the same body and the same temperature. Am I not good enough and is he better for you? There was just a wall. Don’t cry about the destiny we were born with. Cause we are all free. If we have wings like birds, We could go anywhere. If we don’t have a place to return to, We might not be able to go anywhere. I don’t want to just live. This world is cruel but I still love you. Even if I sacrifice everything, I will protect you. Even if this is a mistake, I don’t doubt it. What is right is believing in myself strongly. The scene of the rain of iron falling. It was on the TV, which looks like a movie. War is a stupid violence. It’s the story of an unrelated and unknown country. Then why do I hate him, The reason why I can’t hide my dark feelings, I can’t even explain why. How come we are full of contradictions? Once this word is translated, The real meaning won’t be understood. What I believe is, when opening your eyes, Only the world you touch. I don’t want to just live. This world is cruel but I still love you. Even if I sacrifice everything, I will protect you. The shadow of the person whom I chose, the corpse of what I threw. I noticed that what is growing inside me is the child of evil. Behind justice, inside of sacrifice, there is a child of evil inside my heart. ??????????????????? TV???「進??巨人」The Final Season Part 2 ●NHK?合??、?週日曜日24:05～放送中！ ●dTV、d??????、GYAO!、Netflix、TELASA、???TV、U-NEXT、Amazon Prime Video??、?週月曜日12:00～?時配信中！ Attack on Titan Final Season Part 2 Confirmed to Air from January 9th (JST) ??????????????????? 進??巨人 / Attack on Titan Website https://shingeki.tv/final/ Twitter https://twitter.com/anime_shingeki Instagram https://www.instagram.com/anime_shingeki_official/ TikTok https://www.tiktok.com/@shingeki_anime_official ????? / Ai Higuchi Website https://www.higuchiai.com/ YouTube https://www.youtube.com/@AiHiguchiOfficial Music https://lnk.to/AiHiguchi Facebook https://www.facebook.com/AiHiguchiOfficial YouTube https://www.youtube.com/c/aihiguchiofficial Twitter https://twitter.com/HiguchiAi Instagram https://www.instagram.com/higuchiai.1128/ ?諫山創?講談社／「進??巨人」The Final Season製作委員? #進??巨人 #AttackonTitan #AOT",,,,,,
9/25/2022 4:06:54 AM,https://www.youtube.com/watch?v=hm1na9R2uYA,King Gnu official YouTube channel,King Gnu - 一途,"「一途」????????/?????????? https://VA.lnk.to/3dH51JAY 一途 作詞/作曲：常田大希 編曲：King Gnu 最期???一度 強?抱???? ??後??? 何?要???? 僕?未?? 過去?何??? ???????? 後悔?無?? 生???証刻?? 悴?心震??? 天秤???必要??? 矛盾???惑??? 正義???? ???????程 生?急???? ??????? ???神?? 身勝手??? ??役???? 厭???? 矛盾??? ?互??? 不幸話?背比? 首?皮一枚 ??際? 足????? 白???? ?????想?? ?????血?巡??? 一途?見???? 理由???必要?無?? ??理由?知??? 愛?体??????? 正???振??????? 事??理由??????? 鼓動?止????? 喧??薪?焚??? 帳?張?事?? 無???????? ???世?期待? 光?閃?猛????? 一途?向???? 余力?????無?? 　 ?????血?巡??? 一途?愛??? 永遠???必要?無?? 最期???一度 強?抱???? ??後??? 何?要???? 見???未?? 消??過去??? ???????? 後悔???? 最期???一度 力?貸?? ??後??? 何?要???? 僕?未??心?体? ???????? 全部全部 NEW SINGLE 「一途／逆夢」　2021年12月29日 ON SALE ◎Blu-ray Disc付 初回生?限定盤　4,950?（??）BVCL 1194 / 1195 ◎期間生?限定盤　1,980?（??）BVCL 1197 ◎通常盤　1,100?（??）BVCL 1196 【CD??曲】 01. 一途 ※『劇場版 ?術?? 0』主題歌 02. 逆夢 【初回生?限定盤 Bonus Blu-ray Disc】 King Gnu Live Tour 2020 AW “CEREMONY” November 25th, 2020 at NIPPON BUDOKAN CD???????購入???? https://va.lnk.to/gaEuD5 【MUSIC VIDEO CREDIT】 Director : Taichi Kimura Director of Photography : Tomoyuki Kawakami 1st Camera Assistant : Kohei Shimazu Lighting Director : Koshiro Ueno 1st Lighting Assistant : Shohei Nakagawa Drone Operator : EUREKA Stylist : Shohei Kashima Hair & Make-up : TAKAI Set Designer : Yui Miyamori Set Designer Assistant : Haruka Kumeno, Tamami Tukahara LED Vision & Stage : Kusaka Shinji(TELMIC), Yamazaki Mineo(TELMIC), Kumada Yuiko(TELMIC), Matsumoto Ken(YAMAMORI) Art Director & LED Motion Design : Takaihiro Yasuda LED Motion Design : Ryuichi Ono Online Editor : Yuto Umega Colorlist : Karol Cybulski(CHEAT) Post Production Producer : Thea Dagnaud(CHEAT), Shinichiro Ohira Producer : Taro Mikami, Wataru Watanabe Production Manager : Ryosuke Hirano, Miki Sakurai, Rei Sakai, Rina Waki Production Support : Yohei Fuji, Leo Youlagi, Hinata Ishihara,Taiki Yamata, Ippei “Troy” Fukuda, Production : CEKAI #KingGnu #?術?? #Jujutsukaisen",,,,,,
9/25/2022 4:07:05 AM,https://www.youtube.com/watch?v=gsT6eKsnT0M,THE FIRST TAKE,DISH// (北村匠海) - ? / THE FIRST TAKE,"「THE FIRST TAKE」?、一?撮??????????鮮明?切?取?YouTube?????。 “音???、何?。一?撮??、向?合?。” 第32回?、若?世代?中心?人??集??DISH//??Vo.Gt.北村匠海?登場。 ?????????????????作詞作曲????????「?」?、???????日????事前??????????????????????披露??。 STREAMING&DOWNLOAD:https://lnk.to/XWUOz ■DISH// OFFICIAL Web site: https://dish-web.com/ Instagram: https://www.instagram.com/dish__official/ Twitter: https://twitter.com/dish_info/ TikTok: https://www.tiktok.com/@dish_official YouTube: https://www.youtube.com/channel/UCU6KkThusZwJccr_FQV9kvg ■「THE FIRST TAKE」OFFICIAL Web site: https://www.thefirsttake.jp/ Instagram: https://www.instagram.com/the_firsttake/ Twitter: https://twitter.com/The_FirstTake TikTok: https://www.tiktok.com/@the_first_take THE FIRST TIMES: https://www.thefirsttimes.jp/ ■RULES 白??????置???一本????。 ??????????一?。 一?撮??????????????。 A microphone and a white studio. And 1 rule. You’ve got 1 TAKE. ■STATEMENT ??????自分?。 ??????音??。 一度??????。 THE FIRST TAKE ??????世界?。 Your Music. Your Everything. All in this one take. THE FIRST TAKE Less Filter, More Music. THE FIRST TAKE is a YouTube Channel dedicated to shooting musicians and singers performing in a single take. “WHAT IS MUSIC. Capturing the essence. In one take only.” Episode 32 will give vocalist and guitarist Takumi Kitamura from DISH//, the band with high popularity from young generations. He will give the love song ""Neko (Cat)"", written and composed by the singer-songwriter AIMYON, with the pre-recorded acoustic performance by members. CREDITS ? Creative Director / Art Director: Keisuke Shimizu Art Director: Kana Takarada Copywriter: Hiroshi Yamazaki Director of Photography: Kazuki Nagayama Producer: Kentaro Kinoshita Production Manager: Hinako Arifuku #THEFIRSTTAKE #DISH// #?",,,,,,
9/25/2022 4:07:22 AM,https://www.youtube.com/watch?v=Z2Z9V-4DMGw,THE FIRST TAKE,milet×Aimer×幾田?? - ???? (produced by Vaundy) / THE FIRST TAKE,"「THE FIRST TAKE」?、一?撮??????????鮮明?切?取?YouTube?????。 ONE TAKE ONLY, ONE LIFE ONLY. 一?撮??、音??向?合?。 第178回?、?表?際?話題????THE FIRST TAKE MUSIC??????????????? milet×Aimer×幾田???登場。 現役大?生????????????????Vaundy?手掛??「????」?一?撮??披露??。 本?曲?、大切?人?身近?愛?歌???曲??????、??出??????????????愛?溢???????????????。 STREAMING & DOWNLOAD：https://lnk.to/omokage ■Podcast公開中 milet×Aimer×幾田?? / THE FIRST TAKE MUSIC (Podcast) https://youtu.be/NiKLkYUnMUo ????完全?????????WF-1000XM4 ■詳細???? https://www.sony.jp/headphone/special/WF-1000XM4/ ■milet SNS Official Site：https://www.milet.jp/ Twitter：https://twitter.com/milet_music Instagram：https://www.instagram.com/milet_music/ Official YouTube Channel：https://www.youtube.com/c/miletOfficialYouTubeChannel ■Aimer SNS Official Site：https://www.aimer-web.jp/ Twitter：https://twitter.com/Aimer_and_staff Official YouTube Channel：https://www.youtube.com/user/aimerSMEJ ■幾田?? SNS Twitter：https://twitter.com/ikutalilas Instagram：https://www.instagram.com/lilasikuta/ Official YouTube Channel：https://www.youtube.com/channel/UCztEY6czNyJKjRWMwuur9bg ■「THE FIRST TAKE」SNS Official site：https://www.thefirsttake.jp/ Instagram：https://www.instagram.com/the_firsttake/ Twitter：https://twitter.com/The_FirstTake Tiktok：https://www.tiktok.com/@the_first_take THE FIRST TIMES : https://www.thefirsttimes.jp/ ? 白??????置???一本????。 ??????????一?。 一?撮??????????????。 ??以外?、何??????。 一度???????、何???????????。 一?撮??、音??向?合?。 THE FIRST TAKE A microphone and a white studio. And 1 rule. You’ve got 1 TAKE. Perform anything you like. Show us everything you’ve got for that 1 moment. ONE TAKE ONLY, ONE LIFE ONLY. THE FIRST TAKE Episode 178 welcomes milet, Aimer, and Lilas Ikuta bringing us the collaborative performance present by THE FIRST TAKE MUSIC. 1 TAKE performance of ‘Omokage,’ a song written specifically for THE FIRST TAKE by the young and talented artist/musician Vaundy. Enjoy the performance of the three next-generation JPOP divas singing the joyful and heartwarming tune, only on THE FIRST TAKE. CREDITS ? Director / Creative Director: Keisuke Shimizu Art Director: Kana Takarada Director of Photography: Kazuki Nagayama Lighting Director: Kazuhide Toya Copywriter: Hiroshi Yamazaki Producer: Kentaro Kinoshita #THEFIRSTTAKE #milet #Aimer #幾田?? #Vaundy",,,,,,
9/25/2022 4:07:35 AM,https://www.youtube.com/watch?v=GSuselwRqcE,鈴木愛理,鈴木愛理『?????手上?』(Music Video) TV???「?????告????-???????????-」ED主題歌,"“??、?????手上??態???????????????完成！！” TV???『?????告????-???????????-』?、????累計1,700万突破??大????????第三期???作品。第二期?OP曲??????鈴木雅之?「DADDY ! DADDY ! DO ! feat. 鈴木愛理」???????????加?????、第三期??、鈴木愛理?????????主題歌???。 作曲?水野良樹（???????/HIROBA）、作詞??高橋久美子（ex.????????）、本間昭光????????????、超強力?布陣?制作???、何??????80’s?????感?????倒的?振?切????????????????「?????手上?」完成！！ 鈴木愛理 「?????手上?」 作詞：高橋久美子　作曲：水野良樹　編曲：本間昭光 TV???「?????告????-???????????-」??????主題歌 2022.4.22 Streaming/Download Start： https://erj.lnk.to/cDxUvf 2022.6.1 CD Release [期間生?限定盤]ESCL 5660-61 / ￥1,800（??） [通常盤]ESCL 5659 / ￥1,200（??） CD reserved：https://erj.lnk.to/aihuJq ■鈴木愛理 Links Official Site：https://www.airisuzuki-officialweb.com/ Official Instagram：https://www.instagram.com/airisuzuki_official_uf/ Official Twitter：https://twitter.com/airimania Official Staff Twitter：https://twitter.com/airimania_staff Official Blog：https://ameblo.jp/airisuzuki-officialblog ■TV???「?????告????-???????????-」Links 公式???：https://kaguya.love/ 公式Twitter：@anime_kaguya　https://twitter.com/anime_kaguya",,,,,,
9/25/2022 4:07:45 AM,https://www.youtube.com/watch?v=766qmHTc2ro,美波,美波「?????、」MV,"美波「?????、」MV Minami -「 Amewomatsu、」 作詞?作曲：美波 Words & Music: Minami ANIMATION：syo5 2021.7.21(WED) 美波 New CD「DROP」?? Minami's New CD ""DROP"" will be released July 21, 2021 (Wed) . Streaming platforms→https://www.373official.com/pages/5010500/page_202106092252 CD SHOP→https://warnermusicjapan.lnk.to/DROP Overseas sales→https://www.cdjapan.co.jp/person/700823407 Vocal & Electric Guitar: Minami Electric Guitar: Takumi Otsuka Strings Arrangement & Piano: Taro Makido Bass: Shige Murata Drums: Takashi Kashikura Strings: Anzu Suhara Strings Musical Director & Mixing Engineer: Yoshio Tamamura Recording Engineer: Masahiro Tamoto Mastering Engineer: Brian Lucey Management: Water Reflection Label A&R: Kazuhito Toyonaga Instrumental Technician: Koji Watanabe",,,,,,
9/25/2022 4:07:55 AM,https://www.youtube.com/watch?v=pZRgzq3-k64,,Deleted video,This video is unavailable.,,,,,,
9/25/2022 4:08:02 AM,https://www.youtube.com/watch?v=CMMU3G0N_lc,oOREMEMBEROo,「 星野源 - 喜劇」SPY x FAMILY 間諜家家酒ED 片尾曲【中日歌詞】,SPY x FAMILY 間諜家家酒 星野 源 - 喜劇 Artist:星野源 Vocal:星野源 Official MV: https://www.youtube.com/watch?v=D_Oyplmhhv0 關於中文翻譯: 榎宮?? 已授權 https://home.gamer.com.tw/homeindex.php?owner=s41134154 https://home.gamer.com.tw/artwork.php?sn=5429864 數位/Digital release: https://jvcmusic.lnk.to/kigeki 實體版CD/Physic CD: none Official Twitter/官方推特: https://twitter.com/gen_senden Official Website/官方網站: https://www.hoshinogen.com/ 歌詞/Lyrics: https://twitter.com/gen_senden/status/1512082835372666883 背景/wallpaper: https://twitter.com/SpyFamilyManga/status/1258396980809805826?s=09&fbclid=IwAR1iQs4SbhZT3wSiegAf9ETld8QaNmKuz5tLl-_iD5IvdIoW3vWIM6eXuno 版權聲明 我不握有任何音樂所有權 只做為推廣用途 音樂所有版權為原始創作者所有-請支持正版- 本頻道並沒有營利，別問了qq 單純興趣 Copyright Info: Be aware this channel is for promotion purpose only without any illegal profit. All music's ownership belongs to the original creators. Please support the original creator.,,,,,,
9/25/2022 4:08:11 AM,https://www.youtube.com/watch?v=IgMLr_cM_WE,U_??,【MAD】????? /Steins;Gate 0 【?????????? ??】,【MAD】????? /Steins;Gate 0 【?????????? ??】 ???、非常?????????????…素晴???????… 制作??MAD↓ My Hero Academia https://youtu.be/BkyMTy-aaAY Fate/Apocrypha https://youtu.be/yJ7autLHKHA Darling in the franxx https://youtu.be/7_aH4LDOAPg Heaven's Feel https://youtu.be/K16x1gMw-F8 Rezero https://youtu.be/1O_T_eEYg5s #SteinsGate #???? #?????? #?????????? #MAD #Kinemaster 2021/10/25 追記: 100万再生???????????！,,,,,,
9/25/2022 4:08:18 AM,https://www.youtube.com/watch?v=IhJQf5BItcE,Anime Spectrum,Steins Gate 0 OST [Ep8 ED] - 'LYRA' by Zwei,"""Lyra""?Is an ending theme song of the?Steins;Gate 0?visual novel. It is appeared at the end of the?eighth episode?of?Steins;Gate 0 anime series. It was written by Chiyomaru Shikura, and composed and arranged by Kousuke Ooshima, with vocals by duo band Zwei. Published by 5pb. Records?and distributed by?KADOKAWA. It was first released as a single album on November 25, 2015.",,,,,,
9/25/2022 4:08:26 AM,https://www.youtube.com/watch?v=arOmXIT3HBA,許庭瀚,《名探偵???：迷宮的十字路》主題曲(中日字幕)：倉木麻衣 Time after time ～花舞?街?～,曲名: 《迷?的十字路》主題曲：Time after time ～花舞?街?～ （Time After Time 櫻花飛舞的街） 歌： 倉木麻衣 作?：倉木麻衣　作曲：大野愛果 編曲：Cybersound ???君?巡?逢??? 二度?君?手?離??? 春?終?告??花御堂 霞?花　一枚 蘇?　思?出?歌 ??胸?今?優?? Time after time 君?出逢??奇跡 緩???風吹?街? ???手???　????道 今?忘???約束 風?君???聞??? 薄??返?　遠?記憶 傷付?怖??知??　誓?? ???????場所? 巡?逢??　薄紅色? 季節???日?　笑?? Time after time ???　花舞?街? 散????????????? ??日?同?　?????景色? ????　待????? 風舞?花???　水面?撫????? 大切?想???　切??… 人?皆孤??言???? 探?????????　誰?? 儚??????????? 追?求????? Time after time 君?色??街? 出逢???　??約束????? 誰??????　傷付????君? ??????今度?　???,,,,,,
9/25/2022 4:08:32 AM,https://www.youtube.com/watch?v=gB3gUq5A1W0,amazarashi Official YouTube Channel,amazarashi『境界線』Music Video,"amazarashi 「境界線」 2021．11.17　Release. https://smar.lnk.to/kLPo24 DEGITAL 「境界線」10月10日　配信 https://smar.lnk.to/kLPo24 TV???「８６??????????」第2???OP???曲 境界線 ???風景??目?映??　星????最後?瞬? 諦?、???今????野暮?　夜?暗?　誰?明???持??? 誰?知???　名付?????　僕??火花?　少?照????? 干????土　焦??瓦礫　確??笑??君?日? 境界線?向??側?　忘????終??定?　??知???? 屈服?????許??????　?????友?　己?心? 存在意義??????自分以外　例??君　????? ??距離???　微????火?　僕?希望???呼???????? ???風景見???????　泣????塞??泣?? 「向???怖?」????????　???伝播???響?人?刺?? 善良?粗暴?容易????　??一??紛???正義? ????姿??????　???時代?守??? 境界線?向??側?　打??????　悲嘆?暮??　????尚 自分偽????咎??????　故???像?　己?心? 存在意義??????自分以外　例??君　????? ??距離???　微????火?　僕?希望???呼???????? 薄情?決??　選?取??無謀?　屈??敗北?　妥協??選?肢? ???????得????　昨日?恨??? 次??選???　僕?許??僕?　今日? 境界線?向??側?　足??人?　嘆?人?　目?????　 沈??????選??????　僕??共犯者　人?????? 存在????????自分?中　個??宿?銘??色 胸?抱????　微????火?　最後?星空?　???似????? ＜完全生?限定盤＞ ?CD＋Blu-ray? ?格：5,000＋Tax / 品番：AICL-4136～7 https://smar.lnk.to/l4kQQk CD(DISC1)　 １．境界線 ２．鴉?白鳥 ３．少年少女 Blu-ray(DISC2) amazarashi 10th anniversary live「APOLOGIES 雨天決行」 1. 拒否???? 2. ????刺?? 3. 世界?解像度 4. 14? 5. 令和二年 6. 爆??作?方 7. ???映??看板?下? 8. 馬鹿?????終?? 9. 曇天 10. 命?????? 11. 空?歌?? 12. 雨男 13. 未??????????夜? ＜期間限定生?盤＞（86盤） [CD＋DVD] ?格：￥1,500＋Tax / 品番：AICL-4138～9 https://smar.lnk.to/kLPo24 CD(DISC1)　 １．境界線 ２．鴉?白鳥 ３．少年少女 DVD(DISC2)　 境界線　MUSIC VIDEO 2.「８６??????????」第2???OP??????? MOVIE Creative producer:Yuya Mimasu Producer:Shota Kawano(Pyramid Film Inc.) Assistant Director:Shimon Yamamoto(Pyramid Film Inc.) ＜Real part＞ Illustration Producer:Mizuki Watanabe(VIC.inc) Illustrator:KYUKONIGO Motion Design:Tetsuji Ono(UZURA.inc) ＜Game part＞ Animation Director:Yoshiki Imazu Character Design:Akino Fukuji Animator:Yoshiki Imazu/Akino Fukuji/Mayu Sasaki BG:Yoshiki Imazu Graphic Design:Tetsuji Ono(UZURA.inc) Sound Effect:Naoyuki Chikatani Directed by YKBX",,,,,,
9/25/2022 4:08:42 AM,https://www.youtube.com/watch?v=cAnqEND85Nk,fripSide - Topic,dual existence,Provided to YouTube by massenext dual existence · fripSide dual existence ? NBCUniversal Entertainment. Released on: 2020-08-19 Lyricist: 八木沼悟志 Composer: 八木沼悟志 Arranger: 八木沼悟志 Auto-generated by YouTube.,,,,,,
9/25/2022 4:08:50 AM,https://www.youtube.com/watch?v=yWp6SXivHBQ,??????? ?????,TV???『?????告????-???????????-』第5話??????映像?「My Nonfiction」,"TV???『?????告????-???????????-』第5話?????????放送???、「My Nonfiction」?映像?期間限定?公開！ 「My Nonfiction」 歌：白銀御行（CV:古川慎）&藤原千花（CV:小原好美） 作詞：?????? 作曲：???????PARKGOLF 編曲：PARKGOLF 音源?5月10日? 0時??配信開始！ https://anxmusic.lnk.to/LqaR7l ???????????????????：Vynz Allen ""Vercreek"" Lopez ＝＝＝＝＝＝＝＝＝＝＝＝＝＝＝ 第3期 「?????告????-???????????-」?週金曜24時??TOKYO MX,BS11????放送中！ 原作????1700万部突破！ 全方向?話題?????、????????????第3期再?始動！ ?ON AIR ■TOKYO MX、BS11、群馬???、?????? 4月8日??　?週金曜日24時00分～ ■ＭＢS 4月9日??　?週土曜日26時38分～ ■ＲＫＢ 4月9日??　?週土曜日26時00分～ ■ＴｅＮＹ 4月9日??　?週土曜日25時55分～ ■ABEMA 4月8日??　?週金曜日24時00分～ ※地上波同時配信 ※放送日時?編成?都合等????更???場合??????。予??了承????。 ????? 原作：赤???（集英社「週刊???????」連載） 監督：?山 守 ????構成：中西???? ??????????：八尋裕子 ?作?監督：矢向宏志　川上哲也　晶貴孝二 ????????：木藤貴之 美術監督：若林里紗 美術設定：松本浩樹、平義樹? 色彩設計：?????? 色彩設計補佐：村上彩夏 CG監督：栗林裕紀 撮影監督：岡?正春 編集：松原理? 音?：羽岡 佳 音響監督：明田川 仁 制作：A-1 Pictures 製作：?????告????製作委員? ?????　 四宮???：古賀 葵 白銀御行：古川 慎 藤原千花：小原好美 石上 優：鈴木崚汰 伊井野??：富田美憂　 早? 愛：花守??? 柏木 渚：麻倉?? 大????：日高里菜　 田沼　翼：八代 拓 四??妃：市??加那 子安???：福原? ??????：青山 ?　　 ?? ?主題歌 ??????：鈴木雅之 feat. ??「GIRI GIRI」 ?????? ：鈴木愛理「?????手上?」 ?????????? 秀才???集?????校?秀知院?園 ??生徒??出???副?長?四宮????生徒?長?白銀御行 誰???似合???認??2人?天才?、 ???結??????思??? 高????????邪魔??告白??????!! “如何???相手?告白????” ????愛頭???知略??????????2人? 各?、心??????決心?固??…… 秀知院高等部?文化祭“奉心祭”?最終日???、 2人??愛模??大??動?出?事?!? ??天才??????!!新感?“頭??”？ ????????????????、再?始動!! ?公式???：https://kaguya.love/ ?公式Twitter：@anime_kaguya　https://twitter.com/anime_kaguya #????　#古賀葵　#古川慎　#小原好美　#鈴木崚汰　#富田美憂 #鈴木雅之　#??　#鈴木愛理",,,,,,
9/25/2022 4:08:59 AM,https://www.youtube.com/watch?v=V6Lwltc-Kxo,二乃是天千棘是宇宙！！！,派對咖孔明 OP 「????????」完整版 By QUEENDOM,[本影片無意侵犯版權] (??動???著作??侵害??意???????) (This video has no intention of infringing copyright) ?*copyright* For copyright issues、please send us an email to a3516115@gmail.com I will cancle the video as soon as possible!! (All music belongs to the oringinal creators) Send your subtitles : a3516115@gmail.com ?*著作?* 著作?問題?????、a3516115@ gmail.com?????送?????? ????早???????????????!! ※本頻道未開啟營利功能，如有廣告皆為YT置入,,,,,,
9/25/2022 4:09:06 AM,https://www.youtube.com/watch?v=6cgQ76eEYAU,avex,島谷??? / 「Destiny -太陽?花-」【OFFICIAL MV FULL SIZE】,島谷????、?告???全曲??放題【AWA/無料】 曲?????????、?外?????。 無料?体????https://mf.awa.fm/2ycfLOV http://avex.jp/shimatani/index.html 15周年???記念!!??????BEST ALBUM『15th Anniversary SUPER BEST』????記念!! 2nd SG「解放?」???A面、???????曲等、??全??MV???????一?大量放出!! ＜＜2006年6月21日?? 22nd????「Destiny -太陽?花-」＞＞,,,,,,
9/25/2022 4:09:13 AM,https://www.youtube.com/watch?v=xatKOAWhG-g,oOREMEMBEROo,[高音質]「宇多田??? -One Last Kiss」新世紀福音戰士新劇場版 ?? 3.0+1.0主題曲【中日歌詞】,新世紀福音戰士 ????????劇場版:3.0+1.0 宇多田??? One Last Kiss Evangelion 3.0+1.0 Theme Song Artist:宇多田??? Vocal:宇多田??? Official MV: https://www.youtube.com/watch?v=0Uhh62MUEic&ab_channel=HikaruUtada 關於中文翻譯: https://www.jpmarumaru.com/tw/JPSongPlay-16456.html https://genius.com/Hikaru-utada-one-last-kiss-lyrics 數位/Digital release: https://mora.jp/package/43000087/ESCL05488B00Z/?fmid=TOPRNKS&trackMaterialNo=18026061 實體版CD/Physic CD: https://shop.tsutaya.co.jp/cd/product/4547366488388/ Official Twitter/官方推特: https://twitter.com/utadahikaru Official Website/官方網站: http://www.utadahikaru.jp/ ????????官方網站: https://www.evangelion.co.jp/ 歌詞/Lyrics: https://genius.com/Hikaru-utada-one-last-kiss-lyrics https://www.jpmarumaru.com/tw/JPSongPlay-16456.html 背景/wallpaper: 夕?? | ASK pixiv https://www.pixiv.net/artworks/60224597 版權聲明 我不握有任何音樂所有權 只做為推廣用途 音樂所有版權為原始創作者所有-請支持正版- 本頻道並沒有營利，別問了qq 單純興趣 Copyright Info: Be aware this channel is for promotion purpose only without any illegal profit. All music's ownership belongs to the original creators. Please support the original creator.,,,,,,
9/25/2022 4:09:20 AM,https://www.youtube.com/watch?v=u7BDAoF-Duo,【Little Music Dream】小小音樂夢,賽馬娘超神洗腦曲！《本田晃弘 - ?????伝?》歌詞翻譯【中日字幕】,感謝你點進這部影片，可以的話按讚+訂閱+分享，這對我來說是最好的支持！ 影片的封面圖、背景圖、歌詞皆擷取自網路上，如果有任何問題可以在留言區發問，我會盡力去解決所有的問題。 「?????伝?」 作詞．作曲．編曲：本田晃弘 翻譯 ：海關/??P、紅雀Shen ? 個人勢烤歌攤 ★重點聲明★：如果影片使用的封面圖、背景圖、歌詞是你創作的，並且不想讓它出現在影片裡，可以留言向我告知，我會立即處裡。 封面圖的連結：https://www.pixiv.net/artworks/90539172 背景圖的連結：https://www.pixiv.net/artworks/90482956 參考的歌詞連結1：https://www.google.com/url?sa=t&rct=j&q=&esrc=s&source=web&cd=&cad=rja&uact=8&ved=2ahUKEwiMktuomsX1AhWRGKYKHdikBjwQFnoECAYQAQ&url=https%3A%2F%2Fzh.moegirl.org.cn%2F%25E9%25A9%25AC%25E5%2584%25BF%25E8%25B9%25A6%25E8%25B7%25B3%25E4%25BC%25A0%25E8%25AF%25B4&usg=AOvVaw1c3sU9i6ZJ1JBTZi8YZqra 參考的歌詞連結2：https://youtu.be/Aj9uslMAefE 參考的歌詞連結3：https://youtu.be/Wv62cy179Wk,,,,,,
9/25/2022 4:09:28 AM,https://www.youtube.com/watch?v=0xSiBpUdW4E,?????,????? - ???????【OFFICIAL MUSIC VIDEO】,"""??????人?誰???？"" 2018年8月8日?? 5th????「???????」MUSIC VIDEO Music Video Staff Director&Camera : Tomokazu Yamada Art : Isogai Sayaka Stylist : Masataka Hattori Hair&Make-up : Chie Fujimoto(OFF) Camera Assistant : Yuji Tanaka, Yamato Sugimoto, Keisuke Murata Editor : Shunsuke Endo MA : Watanabe Masahisa Colorist : Yoichi Ishikawa Title : Kentaro Uchida Production Manager : Hiroki Ishibashi Producer : Takanobu Oki Production MAZRI Inc. ～????? -????? ????????????、欲深?、素直?誰??求?????。1番近????誰?、遠????君。??????????持?。????記憶、?????笑????日??。 -山田智和（MV??????） ??????持??面的?想??、??街?景色?中?、色?光????????????。誰???向???進???????????持??、光?影、空?????伝??事?願??撮影????。 ■?曲配信???? https://aim.lnk.to/marigold ■『???????』歌詞???? https://www.uta-net.com/song/251631/ 【CD????情報】 5th????「???????」　 WPCL-12910 / ?1,080（??） 1.??????? 2.??????? 3.???????(Instrumental) more info.. 公式HP http://aimyong.net ??????最新情報?LINE??配信中！ [??他]＞[友??追加]＞[ID?索]?『@aimyon』?入力??索??追加 ?????Twitter（@aimyonGtter） https://twitter.com/aimyonGtter ?????Instagram https://www.instagram.com/aimyon36/ ?????OFFICIAL BLOG http://lineblog.me/aimyong/ ?????WEAR http://wear.jp/aimyong36/",,,,,,
9/25/2022 4:09:36 AM,https://www.youtube.com/watch?v=Erb8YqW100o,Cody?Lee(李) official,Cody?Lee(李) - 世田谷代田(MusicVideo),"8th-digital single『世田谷代田(Setagaya-Daita)』 ST/DL : https://lnk.to/Setagaya-Daita ????????????? 「心拍???????、???優??」 5月25日(水)????　完全生?限定盤(CD＋Blu-ray) https://kmu.lnk.to/heartbeat ＜Cody?Lee(李) ONE MAN LIVE TOUR ”愛?????！?伝??????TOUR""＞ 6月24日(金) 宮城?仙台 darwin 6月26日(日) 神奈川??? Bay Hall 7月2日(土)　愛知?名古屋 CLUB QUATTRO 7月3日(日) 大阪?梅田 CLUB QUATTRO 7月5日(火) 福岡 LIVE HOUSE Queblick 7月9日(土) 北海道?札幌PLANT 7月11日(月) 東京??谷 O-EAST 出演 : Cody?Lee(李)/近岡哲也/榎並利沙 監督：倉本雷大 撮影：北岡稔章 照明：高田紹平 ??????(Band)：Cody?Lee(李) ??????(Cast)：藤井希? ?????(Band)：sakai/新田??? ?????(Cast)：?千沙都 ?????編集：倉持望 ?????：足立悠介 ????：YIYI 車?：長江良祐 監督助手：西村理佐 撮影助手：千田瞭太/松浦凌太郎 照明助手：角田禎造 ??????助手(Cast)：佐藤?? ?????助手(Cast)：須田采音 制作??：金光真孝 制作進行：原田隆志/大林夕愛 ???????：渡?敬太 ???????：isai Inc. --------------------------------------------------------------------------------------------- Cody?Lee(李) are Vocal & Guitar：高橋響(Hibiki Takahashi) https://twitter.com/monell_0512 Vocal & Acoustic guitar：尾崎??(Rino Ozaki) https://twitter.com/rinozaki2 Guitar：力毅(Riki) https://twitter.com/Frgkn_g Bass：?????(Kei Nishima) https://twitter.com/pattsune Drums：原汰輝(Taiki Hara) https://twitter.com/taiki0120tss Official HP：https://codyleegroup.com/ Twitter：https://twitter.com/C_D_Y_L Instagram : https://instagram.com/codylee_official contact : codyleegroup@gmail.com",,,,,,
9/25/2022 4:09:44 AM,https://www.youtube.com/watch?v=dE-9WZaW3Gs,HACHI,???????????? / HACHI 【Official MV / 4K】,"HACHI 9th????????「????????????」 - HACHI×海野水玉??????????第3??曲 - ???朝日系全?放送「music?TV」 8月度????????? 作詞?作曲 / Lyrics, Composition：海野水玉 / Mizutama Umino 編曲 / Arrangement：Seiji Iwasaki Recording & Mixing Engineer：水野??（????口台????） Recording Manager：石井?(????口台????) Production manager：角 千鶴（株式?社??????）、河田 進（KSP） Production Producer：湯?順司（Sizuk Entertainment） 映像 / Movie : ????（NIN） 撮影 : REALITY STUDIO 歌 / Vocal ：HACHI 配信??? / DL & Streaming：https://linkco.re/HsVVHSZ7 inst：https://piapro.jp/t/9Vib ????????????????? 浴槽??溢???? ???弱音???? ???無?心??? 安???青?放?? ????? ???????? ???????仄暗??? ????天?川 無意識?? 指????? 地元?見???六等星 何故?探??? ???生???? 決?????????夜 ???????溺?? ??????夢?体? 強???弱虫??? 泣??泣????? ?????中、大東京 隅???方?右往左往 ????息?????Dreamers 安???青?放?? ???????????? ??、映?出???目立????? 「??子今何??????」??? 思?出??????良?? ???????日??? ??諦?????? ??????湯???? 重?立?上???夜 ???????溺?? 叫????弱音全部 強??????????? 夜?????? 闇?裂??一等星 ??手?????? ???見上???? ???????電?? ????伝?水流?音 ?????、???????? ???????溺?? 叫????弱音全部 強??????????? 夜?????? 闇?裂??一等星 ??手?????? ???見上???? ??????? 真夜中?大東京 彗星????泳?? 負??????歌???? ???????? ???????泣???? 何回???夢?抱?? ???明日?向???Dreamers ????????????????? ?????? ?連??? ?????? ?Weekend milk / HACHI 【Official MV】 https://youtu.be/-K7hvGA4Ftw ?Rainy proof / HACHI 【Official MV】 https://youtu.be/nJBlXS8J1lA ?八月?? / HACHI 【Official MV】 https://youtu.be/A4GBW9GvfC ?HACHI Twitter https://twitter.com/8HaChi_hacchi ?HACHI YouTube https://www.youtube.com/c/HACHIVSinger #HACHI9th #VSinger #????",,,,,,
9/25/2022 4:09:54 AM,https://www.youtube.com/watch?v=1-RYMpeF-Ac,Untitled,[FULL] Eli Ayase & Nozomi T?ojo - Garasu no Hanazono / 硝子?花園 (Color Coded Kan/Rom/Eng),"? Garasu no Hanazono (硝子?花園 lit. Garden of Glass) is a bonus CD sung by Eli Ayase and Nozomi Tojo. The song is featured in Love Live! TV Anime Blu-ray 6, which is included in the limited edition version of the sixth Blu-ray release. It was released on August 28, 2013. ? The song is written by Aki Hata ? Composed by Satomi Kawasaki ? Arranged by Takeshi Masuda. _ _ _ _ _ _ _ _ _ _ _ _ _ _ _ _ _ _ _ _ _ _ _ _ _ _ _ _ _ _ _ _ _ _ _ _ _ _ _ _ _ _ _ _ ? Lyrics & Translation: https://love-live.fandom.com/wiki/Garasu_no_Hanazono ? Image: https://idol.st/allstars/cards/ _ _ _ _ _ _ _ _ _ _ _ _ _ _ _ _ _ _ _ _ _ _ _ _ _ _ _ _ _ _ _ _ _ _ _ _ _ _ _ _ _ _ _ _ Turn on subtitles (CC) to review some of the missing passages _ _ _ _ _ _ _ _ _ _ _ _ _ _ _ _ _ _ _ _ _ _ _ _ _ _ _ _ _ _ _ _ _ _ _ _ _ _ _ _ _ _ _ _ ? Next song: No.10 / Futari Happiness ? If you have songs to request, fill out this form: https://forms.gle/PiFfWM36wBpck2mi9 (????)? ? I do not own anything. All music belongs to the original creators. _ _ _ _ _ _ _ _ _ _ _ _ _ _ _ _ _ _ _ _ _ _ _ _ _ _ _ _ _ _ _ _ _ _ _ _ _ _ _ _ _ _ _ _ #????? #LoveLive #GarasunoHanazono #硝子?花園 #EliAyase #NozomiTojo",,,,,,
9/25/2022 4:10:01 AM,https://www.youtube.com/watch?v=_5_IpEvuIw4,EHPMusicChannel,Endless Tears feat. 中村舞子 - Love is a beautiful pain『喜歡你真的好痛苦。』【中日動態歌詞Lyrics】,"訂閱頻道收聽更多好聽的歌： https://www.youtube.com/c/EHPMusicChannelII Facebook臉書專頁：https://www.facebook.com/EHPMC/ IG：ehpmusicchannel ** 喜歡的朋友記得要分享出去喔~ 超級需要你們的支持!!! 也歡迎大家點歌!! ** - 歌詞在下面 - 作詞：JUN?SHIN?中村舞子?SHIKATA 作曲：JUN?SHIKATA 君?心?包????? 就這樣被你的心靈包裹 ??誓?… 向愛起誓... 眠???夜 何度???? 無法入眠的夜晚無論度過多少遍 ??受?止?? ? 接受我吧 今??逢????止???? 好想現在就見到你 眼淚止不住的流下 触???? 好想觸摸你 好???? 因為喜歡著你 苦??? 真的好痛苦 君?事想???、 越是思念著你的事情 ???????? 眼淚便越是止不住的流下 ????逢??????? 即使依然如故不能相見 ???好????… 也比誰都喜歡著你... Bye Bye ??????????? 明明才剛剛與你道別 “逢???”???????? 心中卻又湧起好想見你的衝動 消??????????日?One Kiss 好像快要消失的那一天的one kiss 君???????待?? 等待著你發來的郵件 君????迫? ??????? 與你相見便會縮短的倒計時 二人??? 大事? 珍惜兩人的時間 ??????? ?????? 即使與你道別 君?????? ??再? 通過你的郵件再次與你相會 ??景色 街?Twilight 歸途的街道已是黃昏 ?????? 君???去??? 我好想乾脆就這樣將你奪走 君??????消??? 當你的溫存消失的時候 ??????????Door 夢中醒來，只見到現實的Door 君?事想???、 越是思念著你的事情 ???????? 眼淚便越是止不住的流下 ????逢??????? 即使依然如故不能相見 ???好????… 也比誰都喜歡著你... I love you (love you) love you (love you) love you (love you) 夜?明??? 當太陽再度升起 I love you (love you) love you (love you) love you (love you) 探?君?? 只有尋找著的你 I love you (love you) love you (love you) love you (love you) 目?閉??? 閉上眼睛 I love you (love you) love you (love you) love you (love you) My love for you ????… 與你一起 “今??????” 限???TIME 好想現在就與你相見 在這有限的時間裡 “永???” 信?????? 想要相信永遠的愛 离????考???胸?真?二??裂?????痛? 想著要與你分開 胸口就如同要裂成兩半一般疼痛 可???FACE 夜?明??? 可愛的面龐 當拂曉降臨之時 引?裂??????????????BREAK 被撕裂 就如同倒計時般Break Love you baby love you baby 言葉?Freeeeeze love baby love baby語言 freeeeeze 今日?始??? ??? See You… 今日再度降臨，再次see you... 想??想??? 越是去想 降????“想?”??????? 越是積累起來的思念 越是想見面 傍???????愿??? 明日??????? 越是想要在你的身邊 就連明天都仿佛無法預見 “永?”????????? 永遠 就這樣直到找到為止 离?????? 不想放開你的手 离?????? 不想和你再分開 Love you baby Love for you 君?离??? 不會再放開你了 君?事想??? 越是思念著你的事情 ???????? 眼淚越是止不住的流下 明???夜?中??? 未央之夜孤身一人 君???????… 我的眼中 就只能看見你... 君?心?包????? 就這樣被你的心靈包裹 ??誓?… 向愛起誓... 眠???夜 何度???? 無法入眠的夜晚無論度過多少遍 ??受?止?? ? 接受我吧 今??逢????止???? 好想現在就見到你 眼淚止不住的流下 触???? 好想觸摸你 好???? 苦??? 因為喜歡著你 真的好痛苦 I love you (love you) love you (love you) love you (love you) 夜?明??? 當太陽再度升起 I love you (love you) love you (love you) love you (love you) 探?君?? 只有尋找著的你 I love you (love you) love you (love you) love you (love you) 目?閉??? 閉上眼睛 I love you (love you) love you (love you) love you (love you) My love for you ????… 與你一起... You are my love I love you 合作郵箱：ehpmusicchannelhk@gmail.com ※歌曲跟影片版權為歌手本人及其音樂公司所有，若喜歡他們的音樂請支持正版，如版權方認為影片有侵權一事，請與我們聯絡，我們將徹底刪除影片。 Like, Comment, Share & Subscribe! 喜歡的請分享及訂閱本頻道!!",,,,,,
9/25/2022 4:10:09 AM,https://www.youtube.com/watch?v=bBUMXETMQMw,二乃是天千棘是宇宙！！！,夏日時光 OP2 「夏夢????」完整版 By ??花 Summertime Render Opening 2 FULL,[本影片無意侵犯版權] (??動???著作??侵害??意???????) (This video has no intention of infringing copyright) ?*copyright* For copyright issues、please send us an email to a3516115@gmail.com I will cancle the video as soon as possible!! (All music belongs to the oringinal creators) Send your subtitles : a3516115@gmail.com ?*著作?* 著作?問題?????、a3516115@ gmail.com?????送?????? ????早???????????????!! ※本頻道未開啟營利功能，如有廣告皆為YT置入,,,,,,
9/25/2022 4:10:23 AM,https://www.youtube.com/watch?v=Nihdu6wew5M,,Private video,This video is private.,,,,,,
9/25/2022 4:10:31 AM,https://www.youtube.com/watch?v=v86m2RdPSo8,陰陽座 Official,「甲賀忍法帖」（MV）,2005年4月27日??表???10th Single『甲賀忍法帖』?? 表題曲「甲賀忍法帖」?Music Video??。 「甲賀忍法帖」??????主?作品 ?6th Album『臥龍點睛』（2005年） 【ONMYO-ZA Official Website】 　http://www.onmyo-za.net,,,,,,
9/25/2022 4:20:11 AM,https://www.youtube.com/watch?v=OzGVz1ClxIc,μ's - Topic,Snow halation,Provided to YouTube by NexTone Inc. Snow halation · μ's Snow halation Released on: 2010-12-22 Auto-generated by YouTube.,,,,,,
10/1/2022 11:05:36 PM,https://www.youtube.com/watch?v=nIrYjzHAEp0,supercellVEVO,supercell - My Dearest,Music video by Supercell performing My Dearest. (C) 2011 Sony Music Records Inc.,,,,,,
10/2/2022 9:47:42 PM,https://www.youtube.com/watch?v=COwb7jyRxQM,Mia Taylor (CV: Shu Uchida) - Topic,stars we chase,Provided to YouTube by Lantis stars we chase · Mia Taylor (CV: Shu Uchida) Eutopia / EMOTION / stars we chase ? 2022 Lantis Lyricist: Konnie Aoki Composer: TeddyLoid Auto-generated by YouTube.,,,,,,
10/11/2022 10:44:17 PM,https://www.youtube.com/watch?v=rHjRNSnkeCk,劍心放送 KenshinTV,【日本CM】本年度No.1推薦！神級廣告帶來爆笑無敵聯誼連續技 (中字),?鹿、中村千尋 雪印 層疊Dolce「連續技 無敵的聯誼技術」 【日本廣告中字】花了四小時翻譯，因為我肯定你會超愛這個神級廣告的中文字幕版！一首以「無敵聯誼技術」為主題的歌曲，畫面示範數十種在聯誼會上牽制女生進攻男生的強勁連續技，作為男性我表示大部分都實用，只怕妳不夠膽做！當中「茶色眼影」「只是拿出來」我邊譯邊笑，另外最後你會發現這是一個廣告，賣的東西肯定你猜一萬年都猜不到！送上這個本年No.1推薦的日本廣告，覺得精彩請讚好轉發支持一下。 廣告源自：http://www.kasane-dolce.com/index.html 上週廣告排行榜（紐西蘭欖球隊擒抱女高中生、石原里美、au三太郎、?雅人）：http://bit.ly/2o9Z8dI,,,,,,
2/16/2023 8:31:41 AM,https://www.youtube.com/watch?v=7HgJIAUtICU,Vaundy,踊?子 / Vaundy：MUSIC VIDEO,"???魔法????一目?? Made in Vaundy_ART Work Studio 「踊?子」 2021.11.17 0:00 Release https://ssm.lnk.to/odoriko #踊?子 #小松菜奈 #Vaundy - - - - - 〈小林光大監督 ????〉 踊?子???素晴????曲???時代??????音???????????感????????。??詩??感????反骨、強???????代??????歌???。 〈小松菜奈?? ????〉 Vaundy???????''特別??曲''?仰???????、 ???大切?曲?MV??加???????事????????嬉????。 撮影?日?一日中、「踊?子」?頭?中?何回?何回?回???、私??????????????????。 ???踊??????、踊?????曲、 自由?身体????????????間?一日?過?、幸??時間?過??????????！ ???Vaundy???本人?自???????回???姿?????????同時?、 一?一??丁寧?方?????思????。 一緒????????Vaundy???現場?居?事?、和???happy?撮影??????。 私?????大好??曲??????。 是非MV?最後??????????！ -CREDIT- Cast : Nana Komatsu Director : Kodai Kobayashi Director of Photography : Masaya Nakahara Camera Chief Assistant : Ryosuke Fujii Camera Assistant : Kosuke Nagamune / Shota Fujii Lighting Director : Takuma Saeki Lighting Chief Assistant : Hajime ogura Lighting Assistant : Akito Saito / Yukari Saito / Yutaro Meguro Art Director : Chihiro Matsumoto Art Assistant : Ryudou Ishii / Minami Hayashi Stylist : Daisuke Iga Hair and Make up : Mai Ozawa Choreographer : Chiharu Shimura Editor : Pennacky Online Editor : Tomoya Sugino Colorist : Toshiki Kamei Title Design : Yugo Sato Producer : Yuki Wakisaka Production Manager : Kosuke Yamashita / Atsushi Hiraki Production Assistant : Ryotaro Matsuura / Asuka Ikeda / Aoi Sasaki / Mami Ueda Production : isai Inc. Special Thanks : Yomiuriland - - - - - - - - - - - - - - - - - - - - - - - - - - - - - - - - - - - - - - - - - - - - 【Vaundy自身最大規模???5大都市10公演???????決定！】 - Vaundy one man live ARENA tour - 2023.11.18 (sat) ???????仙台（宮城） 2023.11.19 (san)???????仙台（宮城） 2023.12.02 (sat) ??????（神奈川） 2023.12.03 (sun) ??????（神奈川） 2023.12.09 (sat) ??????福岡 A館（福岡） 2023.12.10 (sun) ??????福岡 A館（福岡） 2023.12.16 (sat) 大阪城???（大阪） 2023.12.17 (sun) 大阪城???（大阪） 2024.01.05 (fri) 日本??????（愛知） 2024.01.06 (sat) 日本??????（愛知） ■「Vaundy ART Work Studio Members」?員限定先行受付最速先行https://member.vaundy.jp/feature/entry 受付期間：2022年9月9日(金)20:00～9月20日(火)23:59 - - - - - - - - - - - - - - - - - - - - - - - - - - - - - - - - - - - - - - - - - - - - 【2023年春 全?22本??????????全公演即日完?】 Thank you sold out! - Vaundy one man live tour 2023 Spring - 2023.01.14(sat) J:COM???八王子 (東京都) 2023.01.20(fri) 仙台???????? (宮城?) 2023.01.21(sat) 岩手?民?館 大??? (岩手?) 2023.01.28(sat) NHK??? (東京都) 2023.01.29(sun) NHK??? (東京都) 2023.02.04(sat) 熊本城????????? (熊本?) 2023.02.05(sun) 鹿?島 ?山??? (鹿?島?) 2023.02.10(fri) 福岡????? (福岡?) 2023.02.11(sat) 福岡????? (福岡?) 2023.02.18(sat) 名古屋?際?議場 ????????? (愛知?) 2023.02.19(sun) 名古屋?際?議場 ????????? (愛知?) 2023.02.24(fri) 大阪 ?????????? (大阪府) 2023.02.25(sat) 大阪 ?????????? (大阪府) 2023.03.04(sat) 札幌 ??????? (北海道) 2023.03.05(sun) 札幌 ??????? (北海道) 2023.03.11(sat) 新潟?民?館 (新潟?) 2023.03.12(sun) 金? 本多?森??? (石川?) 2023.03.18(sat) ?島文化?園HBG??? (?島?) 2023.03.19(sun) 神??際?館??????? (兵庫?) 2023.03.21(tue) 松山市民?館 大??? (愛媛?) 2023.03.25(sat) 東京???????? (東京都) 2023.03.26(sun) 東京???????? (東京都) ??詳細 https://vaundy.jp/news/vaundy-one-man-live-tour-2023-spring/ - - - - - - - Listen to Vaundy ??https://vaundy.lnk.to/links 最新配信曲 「泣?地?」配信中 https://ssm.lnk.to/NakiJizo 「Tokimeki」配信中 https://ssm.lnk.to/Tokimeki (TOYOTA「???????」CM???) 「花占?」配信中 https://ssm.lnk.to/Hanauranai (日本???系 新日曜??? 「???殺意?????」主題歌) 「benefits」配信中 https://ssm.lnk.to/benefits 「?????」配信中 (?門?校 首都?校?大阪???名古屋?? 2021年度 TVCM???) https://ssm.lnk.to/Shiwaawase 「融解sink」配信中 https://ssm.lnk.to/YuukaiSink 「地球儀 with Vaundy」 / Aimer 配信中 https://aimer.lnk.to/chikyugi_with_Vaundy 1st album「strobo」 ??、配信中 ZXRC-2065 ?3,000(??) https://vaundy.lnk.to/links - - - - - - - ◇HP https://vaundy.jp ◇Twitter https://twitter.com/vaundy_engawa ◇instagram https://www.instagram.com/vaundy_engawa",,,,,,
3/15/2023 8:26:19 AM,https://www.youtube.com/watch?v=NNDS_UyHzvk,??????? ?????,TV???『明日????????服』OP???「????????」??????? | Blu-ray&DVD 4.27 ON SALE,"「#明日????????服」Blu-ray&DVD第1??4月27日(水)??！ https://akebi-chan.jp/bddvd/01.html ??????????「#????????」蠟梅?園中等部1年3組 作詞?作曲?編曲：杉山勝? https://akebi-chan.jp/music/ 明日????????服 1 2022年4月27日(水)?? ■Blu-ray完全生?限定版 ￥7,700(??) 品番：ANZX-13281~13282 ■DVD完全生?限定版 ￥6,600(??) 品番：ANZB-13281~13282 [??話?] 第一話「?????????服」 第二話「??明日」 [完全生?限定版特典] ◆原作?博描?下??全??納BOX ◆???????????河野?美 描?下??????????? ◆特製??????(40P) ◆蠟梅?園中等部1年3組?級新聞 　????一問一答(村上????雨宮天) 　??????????(村上???×雨宮天×若山詩音) ◆特典CD 　?????????「????????」 　歌：蠟梅?園中等部1年3組 　(Full???/ instrumental /TV???) ◆特典映像 　???????OP/ED ◆各話??????????? 　＜第一話＞村上????雨宮天?花澤香菜 　＜第二話＞村上????雨宮天?鬼頭明里 ▽?予約????(ANIPLEX+) https://www.aniplexplus.com/itemRMJUYrBw.html 第2?以降???情報???店?購入特典?詳細???? https://akebi-chan.jp/bddvd/ #明日??? ? ■Staff 原作：博(集英社「???????????」連載) 監督：?木美幸 ????構成??本：山崎莉乃 ??????????：河野?美 ????????????：川上大志?安野?人 ?作?監督：河野?美?川上大志?安野?人 美術設定：?澤良憲 美術監督：薄井久代?守安靖尚 色彩設計：?田明日香 撮影監督：川下裕樹(MADBOX) 3D??????：宮原洋平 ??????????：???? 編集：齋藤朱里(三?編集室) 音?：????歌菜 音響監督：濱野高年 制作：CloverWorks ■Cast 明日小路：村上??? 木崎江利花：雨宮 天 ?原透子：鬼頭明里 古城智乃：若山詩音 谷川 景：?根明良 鷲尾 瞳：石上?香 水上??：石川由依 平岩 ?：麻倉?? 四?璃生奈：田所??? 神?根子：伊藤美? 龍守 逢：伊?茉莉也 ?口?美：三上枝織 蛇森生?：神?光? 苗代靖子：本渡 楓 ?鹿野舞衣：白石晴香 大熊 ?：小原好美 明日??：花澤香菜 明日花緒：久野美? 明日??：三上 哲 福元 幹：?藤朱夏 ■Introduction 舞台?、田??名門女子中??私立蠟梅?園。 ????????、???園?????服??????「夢」???少女、明日小路。 念願??、?????入?式?日?迎???? 「私?????服?決????」 決意?胸?、夢?中?生????始??? ??????、給食、部活動… “初??”?????日?、小路?全力??????！ 少女???、????輝?青春日記。 「友達?????????？」 2016年??「???????????」(集英社)??連載中?『明日????????服』。 俊英?博?柔???????細???、???大??描?表現?話題?呼?。 ?????第1????前?重版?決定、品切???出????大??反響?生?出????。 ???2022年、待望?TV???????化?決定。 監督?務????、『???????? SideM』監督?『空?青??知?人?』演出???手??????木美幸。 制作?、??????作?世?送?出????CloverWorks?????。 ?力派???????、?豊??田園風景?色??、少女???青春?日??動????。 ?????明日小路??擢?????、本作?初主演????優?村上???。 小路?“初??”?????表現?、????????命?吹???。 ??青春?、??????記憶。 ???今日?、??明日(???)??????? ???????、明日(???)?????援?????。 ■配信情報 各配信??????????配信中！ ? ｄ??????：1月8日(土)???週土曜25:00～ ｄ?????? for Prime Video：1月8日(土)???週土曜25:00～ ｄ?????? ????支店：1月8日(土)???週土曜25:00～ ?????????：1月11日(火)???週火曜12:00～ Hulu：1月11日(火)???週火曜12:00～ ?????????：1月11日(火)???週火曜12:00～ GYAO!：1月11日(火)???週火曜12:00～ U-NEXT：1月11日(火)???週火曜12:00～ ???放題：1月11日(火)???週火曜12:00～ ABEMA：1月11日(火)???週火曜12:00～ Amazon Prime Video：1月11日(火)???週火曜12:00～ ???TV：1月11日(火)???週火曜12:00～ FOD：1月11日(火)???週火曜12:00～ ????：1月11日(火)???週火曜12:00～ ????生放送：1月11日(火)???週火曜23:30～ J:COM??????：1月11日(火)???週火曜24:00～ au???????????：1月11日(火)???週火曜24:00～ TELASA：1月11日(火)???週火曜24:00～ milplus：1月11日(火)???週火曜24:00～ ? ????配信?順次展開 1月11日(火)12:00～ ※配信日時?予告???更???場合??????。 ■原作情報 ????????????????見???漫????「???????????」????連載中！ https://tonarinoyj.jp/ 既刊全?重版出?!! 原作??????????累計70万部突破！ 最新第9?好評??中！ 原作?博???初?????集『博????集～明日??????足跡～』?2022年1月19日(水)??????中！ https://s-manga.net/items/contents.html?isbn=978-4-08-792749-8 ?公式??? https://akebi-chan.jp/ ?公式Twitter(@AKEBI_chan) https://twitter.com/AKEBI_chan ?公式Instagram(@akebichan_no_insta) https://www.instagram.com/akebichan_no_insta/ ?公式YouTube????? https://www.youtube.com/channel/UCenz2BN0Kst4i1w_xGkyRdQ ?博／集英社?「明日????????服」製作委員?",,,,,,
3/17/2023 8:08:56 PM,https://www.youtube.com/watch?v=hMKf5mE3sdo,THE FIRST TAKE,Satoshi（CV:Rica Matsumoto） - Mezase Pok?mon Master -with my friends- / THE FIRST TAKE,"THE FIRST TAKE is a YouTube Channel dedicated to shooting musicians and singers performing in a single take. ONE TAKE ONLY, ONE LIFE ONLY. Episode 301 welcomes Rika Matsumoto, voice actress for Satoshi, the main character in the ""Pok?mon"" TV animation series that has been broadcast since 1997 and is loved not only in Japan but around the world. She will perform “Mezase Pokemon Master -with my friends-,” the opening theme song for anime ""Pokemon: Mezase Pokemon Master,"" which is the final chapter of the story of the main characters Satoshi and Pikachu that will reach its final episode in the series next week on March 24. This time, the song will be performed live by a special composition that includes the band, electric violin, and chorus. Enjoy the one-shot performance, only on THE FIRST TAKE. STREAMING & DOWNLOAD: https://lnk.to/2Fgd92DD ■Anime series ”Pokemon: Mezase Pokemon Master” Socials Web Site: https://www.tv-tokyo.co.jp/anime/pocketmonster/ Broadcast: https://www.tv-tokyo.co.jp/anime/pocketmonster/streaming/ Twitter: https://twitter.com/anipoke_PR YouTube: https://www.youtube.com/@PokemonCoJp ■Rica Matsumoto Socials Official site: https://lit.link/ricamatsumoto Instagram: https://www.instagram.com/rica.matsumoto/ Twitter: https://twitter.com/rica_matsumoto3 ■THE FIRST TAKE Socials Web Site: https://www.thefirsttake.jp/ Instagram: https://www.instagram.com/the_firsttake Twitter: https://twitter.com/The_FirstTake TikTok: https://www.tiktok.com/@the_first_take THE FIRST TIMES: https://www.thefirsttimes.jp/ ■THE FIRST TAKE Concept A microphone and a white studio. And 1 rule. You’ve got 1 TAKE. Perform anything you like. Show us everything you’ve got for that 1 moment. ONE TAKE ONLY, ONE LIFE ONLY. THE FIRST TAKE CREDITS ? Director/Creative Director: Keisuke Shimizu Art Director: Yo Kimura Copywriter: Hiroshi Yamazaki Director of Photogrphy: Akira Shimazu Technical Coordinator: Masaaki Ogasawara Chief Camera Assistant: Shota Hatano Camera Assistant: Takumi Torii, Junpei Arai Lighting Director: Kazuhide Toya Chief Lighting Assistant: Yukinori Suda Lighting Assistant: Jinpei Amano, Shingo Ouchi, Katsuya Sato, Shunsuke Hiroi Stage Carpenter: studio noll Offline Editor/Colorist/Online Editor: Tomoo Noda Production Assistant: Yoshiko Okubo, Kai Takaha, Arisa Taki, Wakana Hashimoto Producer: Keisuke Nishikawa (Pragma) Artist Production Company: Sunmusic Production Stylist: Syohei Fujinaga/Sakino Matsudo Hair&Make: GAKU Costume: Wild Lily,RANDA,zena,ABISTE,innocence@accessory.bijou ? Nintendo?Creatures?GAME FREAK?TV Tokyo?ShoPro?JR Kikaku　? Pok?mon #THEFIRSTTAKE #Pok?mon #Ash #anipoke",,,,,,
3/19/2023 5:20:23 AM,https://www.youtube.com/watch?v=en3e6AgWroc,親親2o音樂L?v?【Anime Music】,Chainsaw Man [ED Full]『CHAINSAW BLOOD』Vaundy【Lyrics】,Anime：Chainsaw Man Song：CHAINSAW BLOOD singer：Vaundy ★illustration：https://www.pixiv.net/artworks/84882308 ◎Artist：桔桔子-有?天 ● https://www.pixiv.net/users/8692387,,,,,,
3/22/2023 1:37:59 AM,https://www.youtube.com/watch?v=impSuIygMiQ,THE FIRST TAKE,LiSA×Uru - 再? (produced by Ayase) / THE FIRST TAKE,"「THE FIRST TAKE」?、一?撮??????????鮮明?切?取?YouTube?????。 ONE TAKE ONLY, ONE LIFE ONLY. 一?撮??、音??向?合?。 第68回?、「THE FIRST TAKE」??生????????????話題?LiSA×Uru?登場。 YOASOBI???????????活動??Ayase?作詞?作曲?編曲?手掛?? 「再? (produced by Ayase)」?一?撮??披露??。 本?曲?、「THE FIRST TAKE」?世界????共演???????Ayase?書?下?????。 ”大事???距離????、??????????大切?人?想??持?”?歌??、 今年?冬、誰?心??響?心?????一曲??????。 「THE FIRST TAKE」??????現????????????注目?????。 「#再?（produced by #Ayase）」?11/16(月）??各配信??????? DOWNLOAD&STREAMING: https://lnk.to/saikaiAY ???????? 「再? (produced by Ayase)」 作詞?作曲?編曲：Ayase 「???」?笑??見????? 同????笑?返?????? ?付??少?滲???? ????姿 ???????夜?越?? ?越??白??面?映?? ????見??景色?今? ??????見????? 降????雪?積????? ??町???????想? 離?????同?空? ???見???????? 「???」?優????響? 耳元?????????寂 世界?切?離???夜 ??目?瞑? ??????????? 幸??感?????? 特別????日????? 二人???過??????? 季節?何度????? ??????　????以上 何??????? 降????雪?積????? 遠?町???????想? 触?合?????????? ??????? 何度????? 振?返????日? ????言葉??? ????????? 何度????? 信?合???????? 二人???????? 雪明??照????町?? ????優??春?芽吹? ??????????時? ?溢?????? 冬?終???告??淡雪 ???????願????? ???季節?景色????? 共?同?場所?感????? 町?柔???風?吹?? 鮮???花?????日? 待????二人?? 春?訪?????? 笑??????????? ???????? ■Podcast公開中 LiSA × Ayase / THE FIRST TAKE MUSIC (Podcast) https://lnk.to/nZdgmFmmAY ■J-WAVE（81.3FM）「THE FIRST TAKE MUSIC」 （「SONAR MUSIC」? ????番組/?週木曜日 21:45～21:55頃 放送） https://bit.ly/3d5gmmk ■LiSA SNS Official Site：http://www.lxixsxa.com/　 Twitter：https://twitter.com/LiSA_OLiVE Instagram：https://www.instagram.com/xlisa_olivex/ Official YouTube Channel：https://www.youtube.com/channel/UCqEfdEvLG5oQWNYlDQrGlKw ■Uru SNS Official Site：http://uru-official.com Twitter：http://twitter.com/uru_super Instagram：https://www.instagram.com/uru_official.id Official YouTube Channel：https://www.youtube.com/channel/UCdPCarwi28K5Z7s5l2nMiLw ■Ayase　SNS Twitter：https://twitter.com/Ayase_0404 Instagram：https://www.instagram.com/ayase_0404/ Official YouTube Channel：https://www.youtube.com/channel/UCvpredjG93ifbCP1Y77JyFA ■「THE FIRST TAKE」SNS Official site：https://www.thefirsttake.jp/ Instagram：https://www.instagram.com/the_firsttake/ Twitter：https://twitter.com/The_FirstTake Tiktok：https://www.tiktok.com/@the_first_take — 白??????置???一本????。 ??????????一?。 一?撮??????????????。 ??以外?、何??????。 一度???????、何???????????。 A microphone and a white studio. And 1 rule. You’ve got 1 TAKE. Perform anything you like. THE FIRST TAKE Episode 68 welcomes LiSA x Uru, a special collaboration born from THE FIRST TAKE. 1 TAKE performance of “Saikai (produed by Ayase)”, which song was written, composed, and arranged by Ayase, the composer of YOASOBI. “Saikai (produed by Ayase)” is penned by Ayase, brilliantly illustrating THE FIRST TAKE and the two of them collaborating. A must-see collaboration only here for THE FIRST TAKE, a heartwarming winter song for all of you """"It's not about distance, what's important is to think about whom you love"""". CREDITS — Creative Director / Art Director: Keisuke Shimizu Art Director: Kana Takarada Copywriter: Hiroshi Yamazaki Director of Photography: Kazuki Nagayama Lighting Director：Kazuhide Toya Producer: Kentaro Kinoshita",,,,,,
4/10/2023 4:16:30 AM,https://www.youtube.com/watch?v=1_gvl_MJ1Tc,?????況 ???,??????????英雄?証[????]MAD,?? ???? ??????? ????? ????? ??? ????? ????? ???? ???? ????? ????二??(??????) ?? ???? ?????? ????? ??? ??? ?? ?????? ??????? ?????? ???? ????? ?????? ?????? ?????? ?????? ????? ????? ???? ????? ????? ?????? ??????? ???? ?????? ??????? ?????? ?????? ??? ??? ?????? ?????? ????? ????? ?????? ?? ?????? ??????? ?????? ???? ????? ??????? ?????? ?????? 英雄?証MHXXver????https://youtu.be/skCYK07CzBQ ??????????☆?????ver(????????)https://youtu.be/aXurlEw0M1U XX?????? 日本語??ver????https://youtu.be/i_2joC2yxu8 英雄?証????☆????? ??ver????https://youtu.be/beoXO4D9Ti0 可愛?????????☆????????? https://youtu.be/98F-Atx1gPQ ??????????https://twitter.com/Jborubo,,,,,,
4/12/2023 6:52:47 AM,https://www.youtube.com/watch?v=kuEl3LL3CD0,Miyuki Shirogane(CV:Makoto Furukawa) - Topic,My Nonfiction,"Provided to YouTube by Aniplex Inc. My Nonfiction · Miyuki Shirogane(CV:Makoto Furukawa) · Chika Fujiwara(CV:Konomi Kohara) My Nonfiction ? 2022 Aniplex Inc. Released on: 2022-05-10 Associated Performer: Miyuki Shirogane(CV:Makoto Furukawa)&Chika Fujiwara(CV:Konomi Kohara) Composer, Lyricist: AKKOGORILLA Arranger, Composer: PARKGOLF Auto-generated by YouTube.",,,,,,
